{"cameraMode":{"drawMode":0,"name":"Shaded","section":"Shading Mode"},"sceneLighting":true,"audioPlay":false,"sceneViewState":{"m_AlwaysRefresh":false,"showFog":true,"showSkybox":true,"showFlares":true,"showImageEffects":true,"showParticleSystems":true,"showVisualEffectGraphs":true,"m_FxEnabled":true},"in2DMode":false,"pivot":{"x":-0.013715028762817383,"y":1.0001333951950074,"z":0.1449127495288849},"rotation":{"x":-0.11800867319107056,"y":0.7206421494483948,"z":-0.12667213380336762,"w":-0.6713476181030273},"size":10.31000804901123,"orthographic":false}